{"cameraMode":{"drawMode":0,"name":"Shaded","section":"Shading Mode"},"sceneLighting":true,"audioPlay":false,"sceneViewState":{"showFog":true,"showMaterialUpdate":false,"showSkybox":true,"showFlares":true,"showImageEffects":true,"showParticleSystems":true},"in2DMode":false,"pivot":{"x":32.310546875,"y":36.5220947265625,"z":131.1484375},"rotation":{"x":-0.05506744980812073,"y":-0.6913763284683228,"z":0.05299406871199608,"w":-0.7184414267539978},"size":16.31000328063965,"orthographic":true}