{"cameraMode":{"drawMode":0,"name":"Shaded","section":"Shading Mode"},"sceneLighting":false,"audioPlay":false,"sceneViewState":{"showFog":true,"showMaterialUpdate":false,"showSkybox":true,"showFlares":true,"showImageEffects":true,"showParticleSystems":true},"in2DMode":false,"pivot":{"x":45.540000915527347,"y":29.030000686645509,"z":159.27999877929688},"rotation":{"x":0.007390443701297045,"y":0.9871962070465088,"z":0.04801686853170395,"w":-0.15193217992782594},"size":12.474677085876465,"orthographic":true}