{"cameraMode":{"drawMode":0,"name":"Shaded","section":"Shading Mode"},"sceneLighting":false,"audioPlay":false,"sceneViewState":{"showFog":true,"showMaterialUpdate":false,"showSkybox":true,"showFlares":true,"showImageEffects":true,"showParticleSystems":true},"in2DMode":false,"pivot":{"x":40.7400016784668,"y":30.020000457763673,"z":158.3002471923828},"rotation":{"x":0.027400299906730653,"y":-0.8199735283851624,"z":-0.039388835430145267,"w":-0.5703868269920349},"size":17.448354721069337,"orthographic":true}